"FamilyID","GenusID","Genus","GAuthor","GNameDK","GNameUK","GCharactersDK","GCharactersUK"
35,644,"Trichopternoides","Wunderlich, 2008",,,,
15,1,"Drassodes","Westring, 1851",,,"Bagkrop tæt fløjlhåret i rødbrune til brungrå farver. Kan godt minde om arter fra sækspinderfamilien (<i>Clubionidae</i>) men har typisk rørformede spindevorter. Slægtens medlemmer har et karakteristisk hak i trochanterne (hofteleddene). Bagerste mediære øjne er ovale. Hanner uden scutum på bagkroppens overside. De tre danske arter er vidt udbredte, men kun en art er almindelig.","The abdomen has dense short hairs making the spiders appear mousy. These spiders are mostly reddish-brown to greyish-brown, and resemble spiders from the Clubionidae. However, the spinners are tubular as characteristic of the Gnaphosidae. The members of the genus are distinguished from other gnaphosids by the deeply notched trochanters. The posterior medial eyes are oval. Males have no scutum."
15,2,"Haplodrassus","Chamberlin, 1922",,,"Ligesom hos <i>Drassyllus</i> er de bagerste mediære øjne ovale, skråtstillede og tættere på hinanden end på de laterale. <i>Haplodrassus</i> afviger ved at hos denne slægt er de distale ender af metatarsi III og IV uden en ventral kam af rækkestillede børster. Hos nogle arten i slægten er der mønstre af sorte streger på forkroppens ellers lysebrune grundfarve, men dette ses bedst hos spritpræparerede dyr. Bagkroppen er hos nogle arter mønstret, men da mønstret er noget varibelt egner det sig ikke til at pålideligt at adskille arterne. Seks arter er fundet i Danmark, men kun én er almindelig.","Carapace elongate and fairly low. The brownish cephalothorax have complex black lines. Head much wider than both row of eyes. The posterior medial eyes are larger than the laterals as well as oval and oblique. Posterior row of eyes has the medials closer to each other than to the laterals. Anterior row of eyes straight or slightly recurved while posterior row is procurved. The distance between the outer edges of anterior medial eyes is about the same as the distance between outer edges of posterior medials. Clypeus low about equal to the distance of one anterior medial eye. Fovea short as in the Clubionidae. Chelicerae strong with lateral condyles. Chelicerae with teeht both on promargin and retromargin. Labium longer than wide and angulate where sides meets posterior border.Sternum does not extend between coxae IV. Trochanters smooth. The distal end of metatarsi III and IV is not furnished with a preening comb. Males do not have a scutum. Some species have vague patterns of chevrons on the abdomen, but these patterns are not reliable in separating the species since the variation within species is considerable. Male palp with a tibial apophysis, the shape of which is important for identification. Sometimes the shape is discernible with a lens allowing for identification in the field. The epigyne is often large and females of some species are also identifiable in the field using a lens. "
15,3,"Scotophaeus","Simon, 1893",,,"Denne slægt indeholder i Nordeuropa tre arter, hvoraf to forekommer i Danmark. Bagkroppen er uden mønster, og fremtræder fedtet sølvgrå grundet den tætte behåring med korte grå hår. Hannerne har scutum, hvilket dog er svært at se hos slægtens almindeligste art <i>S. blackwalli</i>. De bagerste midterøjne er runde og lidt tættere på hinanden end til de laterale. Clypeus er lav, ca. samme højde som diameteren and de forreste mediære øjne. Nataktive jægere som i Nordeuropa kun træffes indendørs i huse.","This genus has three species in Northern Europe of which two occur in Denmark. The abdomen is without a pattern and appear greasy silverish-grey due to the short, dense grey hairs. The males have a conspicious brown abdominal scutum, but is small and therefore not clearly visible for the commonest species of the genus, <i>S. blackwalli</i>. The posterior medial eyes are circular and slightly closer to another than to the laterals. Height of clypeus about the same as the diameter of an anterior medial eye. In Northern Europe the species are found exclusively within houses where they wander about at nighttime."
15,4,"Zelotes","Gistel, 1848",,,"Brunsorte til sorte edderkopper uden bagkropsmønster. Kan forveksles med mørke arter af <i>Drassyllus</i>. Bagerste mediære øjne af samme størrelse som de laterale eller allerhøjst en lille smule større. Bagerste øjenrække lige, sjældent fremadbøjet, og øjnene er placeret lige langt fra hinanden. Øjenrækkerne er ret korte på grund af at hovedet er smalt, bredden af en øjerække under en trediedel af forkroppen hvor den er bredest.  Forkrop som regel blank, og blankere end bagkroppen. Slægten er nu splittet op i flere slægter, måske fordi den oprindelig var meget artsrig (over halvtreds arter kendt fra Frankrig). Flere arter, især de helt sorte,  er næsten identiske i udseende, og kan kun artsbestemmes med sikkerhed under stereolup. Nogle arter kan adskilles på benenes fordeling af sorte og lyse farver.","Brownish-black to black spiders without markings. Resemble dark species of <i>Drassyllus</i>. Posterior medial eyes are of about the the same size as the laterals. Posterior eyerow is straight, rarely procurved and eyes equidistant. The eye rows are short due to a narrow head region, the width of an eyerow less than one third of the width of the carapace at its widest point. The carapace is usually shiny and shinier than the abdomen. Some species of the genus have been moved to other genera probably because it used to be species rich with more than fifty species known from France. Several species are almost identical and needs microscopic examination of the genitialia to be separated with certainity. Some species may in some cases be identified by the markings on the legs."
15,5,"Gnaphosa","Latreille, 1804",,,"De fleste arter med mørkebrun forkrop. Bagkrop enten mørkebrun, gråsort eller sort og tæthåret. Slægten adskilles fra familiens øvrige slægter ved at have den bagerste øjenrække tilbagebøjet.","Most species with dark brown cephalothorax. The abdomes is either dark brown, greyish-black or black, thickly covered with grey hairs. The genus is characterized by having the posterior row of eyes recurved."
15,8,"Phaeocedus","Simon, 1893",,,,
15,10,"Micaria","Westring, 1851",,,"En lidt særstillet slægt, som tidligere har  været placeret i sækspinderfamilen (Clubionidae). En fordybning i munddelenes enditer, og den ofte ovale form af de bagerste, midterøjne har bevirket, at slægten er havnet i Gnaphosidae. For- og bagkrop er dækket af flade, mørke skælhår, ofte med kontrasterende hvide prikker eller streger. Skælhårene er ofte med metalglans. Slanke, myrelignende edderkopper som løber hurtigt omkring på tørre og varme steder.","This genus has previously been assigned to the Clubionidae by some workers. A depression across the endites and the often oval posterior medial eyes has resulted in its present status as a gnaphosid genus. Tne cephalothorax and abdomen is covered with flattened dark scales, usually iridecent and sometimes with contrasting white spots or stripes. Slim, antlike spiders running rapidly over the ground in dry and warm places."
16,11,"Clubiona","Latreille, 1804",,"Leaf curling sac spiders","Kompakte, små til mellemstore edderkopper med oval forkrop og let fremspringende hoved. Øjenene sidder  i to rækker, den bagerste række er bred med alle øjne runde. Det kan godt virke som om der er seks øjne i den forreste række, da begge rækkers laterale øjne er ret tæt på hinanden.  Arterne er sparsomt behårede, og for det meste med ensfarvede bagkroppe i gule, orange eller brune farver, sommetider med mørkere hjertemærke. Ganske få arter har et karakteristisk sildebensmønster længere tilbage på bagkroppen. Spinder sækformede retræter, der kan være åbne i begge ender eller lukkede, og som anlægges i sammenrullede løvblade, sammenbøjede græsblade, eller bag bark og under objekter på jorden. Sækspinderne er nataktive, og opholder sig om dagen i retræterne, som også benyttes til hudskifte, parring, æglægning og overvintring. De benytter ikke fangspind. Nogle arter er vanskelige, at adskille uden brug af stereolup.","Compact, small to medium sized spiders with oval cephalothorax and slightly protruding, broad head. There are two rows of eyes, the eyes of the posterior row widely set apart. It may appear as there are six eyes in the front row since the laterals of both rows are fairly close together. Anterior row recurved. Posterior row straight or slightly recurved. Fovea short, dark and shallow but quite indistinct in species with relatively dense silky hairing on carapace. Labium longer than wide. Maxilla with scopulae. Endites without a transverse or oblique depression. Legs long with leg IV longest. Tarsi with conspicuous scopulae, two-clawed (claws long). Abdomen elongate with sparse to rather dense coverage of silky hairs depending on species. Hues of yellow, orange and brown are the prevailing body colours, sometimes the cardiac mark is darker. A few species have the cardiac mark followed by chevrons. Anterior spinners conical and and situated close together or contiguous. The two sexes do not differ much. Compared to females, males are slightly smaller, often with chelicerae longer and more tapering and the legs are relatively longer."
17,13,"Agroeca","Westring, 1861",,,"Forkrop har normalt ret tydelige markeringer i form af nogle mørke, kantede løkker som udgår fra fovea.  Bagkrop med utydeligt v- eller w-formet mønster eller mørke, skråtstillede pletter i rækker eller tværbånd. Bagerste øjenrække tydeligt fremadbøjet. Metatarsus i og II med tre par ventrale torne. De tre danske arter kan adkilles på bagkroppens grundfarve og kropslængden.","The carapace usually with clear markings in the shape of characteristic angular loops radiating from the fovea. The abdomen with vague v- or w-shaped pattern or dark oblique spots or bars arranged in rows. The posterior row of eyes markedly procurved. Metatarsus I and II with three pairs of ventral spines. The Danish species can be identified in the field by their bodycolour and size."
17,15,"Scotina","Menge, 1873",,,"Ret små edderkopper med seks til ti par ventrale torne på tibia I som tydeligt ses med en floralup. Forkroppen er noget mørkere end hos familiens øvrige slægter og noget blank. Arterne findes ved jordoverfladen i mos og under visne plantedele.  Femora er lysebrune, mens resten af leddene udadtil er mørkere, især forrest på edderkoppen. De to danske arter adskilles let på deres udseende.","These are small spiders with six to ten pairs of ventral spines easily visible with a lens. The cephalothorax is darker than in the other genera of the family and shiny. The species are found at ground level among moss and detritus. The femora of the legs are light brown while more distal segments are darkened, particularly for the first pairs of legs. The two Danish species are easily separable by their markings."
17,16,"Apostenus","Westring, 1851",,,,
30,19,"Pholcomma","Thorell, 1869",,,,
30,20,"Theonoe","Simon, 1881",,,,
32,21,"Theridiosoma","O. P.-Cambridge, 1879",,,"Familiens største slægt men kun en art træffes i Europa. Arterne er små og har kugleformet krop, hvor den forreste del af bagkroppen buer ind over den bagerste del af rygskjoldet. Den kugleformede kropsbygning får slægtens medlemmer til at minde om små udgaver af kugleedderkopper (Theridiidae). De fire midterøjne danner en trapez som er længere end bred. De bagerste midterøjne er noget større end de bagerste sideøjne. Afstanden mellem de bagerste midterøjne er betydelig mindre end afstanden mellem et midterøje og et sideøje. Brystpladen (sternum) er bredt afrundet bagtil. Labium er meget bredere end lang. Femur I flere gange tykkere end femur IV.","Largest genus of the family but only one species is known from europe. Most species are less than 3 mm The globular abdomen greatly overhangs the posterior parts of the carapace. The species resemble small members of the Theridiidae. The median ocular trapezium is longer than broad. The posterior medial eyes are larger than the posterior laterals. The distance between the posterior medial eyes are shorter than the distance between a median and a lateral eye. The sternum is broadly truncated at rear. Labium is much broader than wide. Femur I is several times thicker than femur IV."
33,22,"Tetragnatha","Latreille, 1804","Stav-edderkopper","Longjawed orb weavers, stretch spiders",,"The  abdomen is elongate and slender usually two or three times as long as wide. The lateral eyes of each row are not contiguous. The chelicerae are long and divergent and the fang furrows are provided with long rows of large teeth. The legs are very long and provided with spines."
33,23,"Meta","C. L. Koch, 1836",,,,
33,24,"Pachygnatha","Sundevall, 1823","Tykkæber","Thickjawed orb weavers",,
19,26,"Anyphaena","Sundevall, 1833",,,"Øjne er ovale og lyse, pånær forreste midterøjne som er runde og mørke.","The eyes are oval and pearly, except the anterior medials which are dark and circular."
20,27,"Micrommata","Latreille, 1804",,,"Slægten er karakteriseret ved at forkroppen er længere end bred, og indsnævret ved hovedet. Bagkrop langstrakt. Den forreste øjenrække er tilbagebøjet mens den bagerste er let fremadbøjet. Labium lille og halvcirkelformet. Længden af benpar IV kun lidt længere end længden af de øvrige benpar. De er lurejægere som sidder og venter på byttet i lav vegetation. Scopulae på tarsus og metatarsus er veludviklede og giver edderkopperne en fantastisk fasthæftningsevne til glatte overflader.","The species of the genus have an unmistakable appearance. The carapace is longer than broad and narrowed in the head region. The abdomen is elongate. The anterior row of eyes is recurved while the posterior row is straight or slightly procurved. The labium is small and semicircular. The lenght of legs IV are the longest, but are just slighly longer than legs I - III. They are not active hunters, but wait in the vegetation for prey to pass by and to be grabbed. The scopulae of tarsi and metatarsi are well developed, and provide excellent adherence to slippery substrates."
21,29,"Pistius","Simon, 1875",,,,
21,31,"Misumena","Latreille, 1804",,"Flower crab spiders","Forkrop næsten uden torne. De fire midterste øjne danner et kvadrat. De laterale øjne sidder på små fælles udvækster. Bagkroppen er rundt trekantet og bredest bagtil især hos hunnen. Benpar I og II er meget længere ned benpar III og IV. Benpar I hos hunnen har på tibia og metatarsus I mindst seks, henholdvis mindst syv par torne","The carapace is almost without spines. The eyes are small with the medials forming a square. Lateral eyes on small confluent tubercles. The abdomen is triangular, but rounded at corners. It is  widest at the rear, but this is less pronounced for the male. Legs I and II are much longer than legs III and IV. Legs I of the female have tibia and metatarsi furnished with paired robust spines. At least six pairs are present on the tibia and at least seven pairs are present on the metatarsi."
21,35,"Diaea","Thorell, 1869",,,"Rygskjold med lange, fremadrettede torne. De midterste øjne udgør en firkant, som er lidt længere end bred. Bagkrop oval, bredest bagtil, og spredt beklædt med lange hår.","Carapace with long forward-directed spines. The medial eyes form a rectangle slightly longer than broad. The abdomen is oval and dilated at rear, and with some coverage of long hairs."
21,37,"Coriarachne","Thorell, 1870",,,"Arterne i denne slægt har for- og bagkrop ekstremt affladiget. Rygskjoldet med v-formet fure som udgår fra fovea, og som afgrænser hovedet fra resten af forkroppen. Den forreste øjenrække er ret eller svagt tilbagebøjet.","The species of this genus have the carapace and the abdomen very flat. The cervical groove is well indicated, and extends forward from the fovea as a v-shaped depression outlining the head from the thoraric region. Anterior eye row straight or slightly recurved."
21,38,"Xysticus","C. L. Koch, 1835",,"Ground crab spiders","Mellemstore, krabbelignende edderkopper. Farverne spænder fra forskellige nuancer af brun og grå med hvide eller gule mønstre, hannerne som regel noget mørkere og mere kontrastrige i tegningerne. Forkroppen  typisk med brede mørke bånd. De midterste lyse bånd indeholder en mørkere trekant bagved den bagerste øjenrække. Forkroppen er armeret med lange sorte hår/torne der er runde, til forskel fra den lignenede slægt, <i>Ozyptila</i>, hvor hårene er flade (claveate).  De midterste øjne udgør tilnærmelsesvis et kvadrat,  som er en anelse bredere end lang. De laterale øjne i den forreste øjenrække er klart større end de øvrige arter, og sidder på tubercler (udvækster) som er adskilt fra hinanden. Bagkrop er bredest bagtil og typisk med folium (bugtet bånd) på oversiden, og nogle tværgående streger bagerst. Benene er korte, kraftige og med kraftige torne. De fleste arter er lurejægere i lav vegetation, mens andre kan findes i førn, under sten og bag bark.","These spiders are medium sized and crablike. Most species are in various shades of brown and grey with patterns made of  white and yellow blotches and bars. Males are often darker than females and with more vivid tints. The carapace is brownish with central whitish-yellow band enclosing a darker triangle behind the posterior eyes and pointing backwards. The carapace is armed with long black spines which are round, Hereby they differ from the related genus, <i>Ozyptila</i> which have short blunt or clavate spines. The median ocular trapezium forms almost a square or is slightly wider than long. The anterior lateral eyes are clearly larger than the rest, the lateral eyes of both rows on independent tubercles. The abdomen is wider at rear bearing a folium dorsally and usually with white blotches and transverse bars. The legs are short, stout and spiny. Most species ambush prey on low vegetation, while others are found in leaf litter, under stones and bark."
21,39,"Ozyptila","Simon, 1864","Jordkrabbeedderkopper","Leaflitter crab spiders","Mange af arterne i denne slægt har farvetegninger, der kan minde om farvetegningerne hos <i>Xysticus</i> slægtens arter. <i>Ozyptila</i> arterne er dog generelt mindre, har kun to par torne ventralt på tibia I og II, de mediære øjne danner et rektangel som er længere end bred, og kroppen hos nogle arter er beklædt med clavate setae (flade hår). Sidstnævnte brækker forholdsvis let af og kan derfor mere eller mindre mangle. Hos nogle arter er setae så små at de kan være vanskelige at se med en lup. Hovedet er noget fremspringende fra thorax. Femur I er ofte ret opsvulmet på prolateral side. Bagkrop i øvrigt uden bladtegning (folium) men med tværbånd og pletter. Arterne findes tæt ved jordovefladen i lav vegetation, under sten, i førn og i revner i jord, træ, mure undertiden også under bark. De bevæger sig meget langsomt rundt, og kan spille død i lang tid ved forstyrrelse. Nogle arter er beklædt med jordpartikler.","The members of this genus have colours and markings that make them resemble species of the <i>Xysticus</i> genus. However, they differ by being smaller, by having the median ocular trapezium longer than broad and by having the head protruded from thorax so that the carapace appear less circular. In addition they have only two pairs of ventral spines on tibia I and II, and the body is clothed with clavate hairs. These break off  fairly easily, and may therefore be lacking. In some species the setae are very small and difficult to see with a lens. The abdomen is without a folium but with spots and transverse bars. Femur I is often swollen on prolateral side. Legs III and IV are only slightly shorter than I and II. Males are usually darker than females and more compactly bodied. This is in contrast to most other spider species where males usually are more slender and long-legged compared to females."
41,40,"Philodromus","Walckenaer, 1826",,,"Edderkopperne i denne slægt har en påfaldende flad krop, og en særpræget benstilling, hvor benene ofte holdes næsten helt udstrakte i et fladt plan. Den bagerste øjenrække er tilbagebøjet, og afstanden mellem de midterste øjne er ca. halvanden gang afstanden mellem de midterste og de laterale øjne. De fleste arter er knyttet tl vegetation, hvor de kan bevæge sig hurtigt omkring, og hvor den flade krop giver mulighed for at gemme sig i revner og under bark. Nogle arter er godt camouflerede, og kan være vanskelige, at få øje på hvis de ikke bevæger sig, mens andre arter er ret iøjnefladende, selv når de ikke bevæger sig.","The spiders of this genus have flattened bodies, and latigrade legs that often are held very close to the substrate such as all segments appear as being in the same plane. Most species have relatively short abdomens, only slightly longer than broad and with the widest point behind midway. In this respect they resemble many species of the Thomisidae. The posterior row of eyes is recurved and the distance between the medial eyes is about 1.5 times the distance between a median and a lateral eye. Most species live on plants on which they are able to move around rapidly, their flat bodies enable them to hide under bark. Some species are extremely well camouflaged and almost impossible to spot unless they move. Other species are qiute conspiceous even when motionless."
41,41,"Thanatus","C. L. Koch, 1837",,,"Arterne i denne slægt har en aflang oval bagkrop med tydeligt hjertemærke. Bagkroppen er ikke tydeligt affladiget som de øvrige krabbe- og løbekrabbeedderkopper. Benstillingen er ikke tydelig laterigrad, dvs. drejet fremad så leddene bøjer i plan med kroppen som hos mange af de øvrige krabbe- og løbekrabbeedderkopper. Derfor kan de godt minde lidt om jagtedderkopper, men afviger ved at  øjnene størrelsesmæssigt er ret ens og har en anderledes placering. <i>Thanatus</i> afviger fra <i>Philodromus</i> ved at benpar IV er længst, og ved at den bagerste øjenrække er stærkt tilbagebøjet. Den forreste øjenrække er ret kort. Øjnene i den bagerste række sidder med nogenlunde ens afstand. Forkrop og bagkrop uden mørk midtstribe som hos <i>Tibellus</i>.","The members of this genus have oval, sligthly elongate abdomens with a clear cardiac mark. The abdomen is the least flattened among the crab and running crab spiders and the legs are the least laterigrade. Therefore they bear some resemblance to the wolf spiders (Lycosidae), but they eyes are quite different. Species of <i>Thanatus</i> differ from species of <i>Philodromus</i> by having legs IV the longest and the strongly recurved posterior row of eyes. The anterior row is short. Eyes of the posterior row are almost uniformly spaced. The carapace and abdomen is without a dark longitudinal band."
41,42,"Tibellus","Simon, 1875",,"Slender crab spiders","Slægten består af aflange, smalle edderkopper med lange ben som er knyttet til græsser, siv og andre urter. De er ikke altid lette at få øje på, da den stribede, stråfarvede krop holdes tæt ind mod stængler, mens benene holdes udstrakt foran og bagved kroppen, med undtagelse af det tredje benpar som omklamrer stænglen. I Danmark findes to ret variable arter, der kan være vanskelige at adskille alene på udseende. Da arterne kun overlapper lidt i habitat, vil man som regel kunne sætte det rigtige artsnavn på, men skal man være helt sikker må man undersøge palper og epigyner under stereolup. De kan godt minde lidt om stavedderkopper (Tetragnathidae), som også udstrækker benene for at camouflere sig selv på stængler, men <i>Tibellus</i> arterne har betydeligt mindre kæber og anderledes øjne.","Distinctive spiders with elongate, slender bodies and long legs. They inhabit grasses, sedges and other herbs. They are not easy to detect when they rest on a dried grass stem because their striped, straw coloured body is held close to the stem, and the legs are stretched out to the front and back. It is not possible to separate the species alone by the general appearance. As the species also overlap somewhat in habitat examination of the genitialia under a microscope is sometimes necessary for reliable identification. It should be noted that they resemble species of Tetragnathidae, which also have the habit of stretching themselves along stems and twigs. However, these spiders have much larger chelicerae and different eyes."
22,43,"Salticus","Latreille, 1804",,,,
22,44,"Heliophanus","C. L. Koch, 1833",,,"Arterne i denne slægt har for det meste tydelig metalglans i grønne, violette eller kobberfarvede nuancer. Grundfarven er mørk, ofte sort men nogle arter har undertiden hvide hårkanter langs bagkroppens forkant og sider, og 2-4 hvide hårpletter typisk bagerst på bagkroppen. Nogle hunner har lyse palper i stærk kontrast til den ellers mørke farve. Hannerne har mørke palper, som dog ofte er beklædt med hvide hårtotter. Nogle arter har lyse ben, mens andre har mørke ben med striber af hvide hår.","These are dark, blackish spiders, usually with metallic sheen in green, violet or coppery colours. Some species are furnished with white bands or spots on the abdomen composed of white squamose hairs. The palps of the females are ligth brown in contrast to the overall dark appearance of the spider. The male palps are dark but furnished with white squamose hairs on forward directed surfaces. Some species have legs in light yellow colours while other have dark legs with white squamose hairs."
22,45,"Marpissa","C. L. Koch, 1846",,,"Slægtens arter er kendetegnet ved, at bagkroppen er aflang, og at det forreste benpar er tydeligt kraftigere end de øvrige.","The members of the genus are fairly large with rather flattened, elongate abdomens. Legs I are stouter than the remainder."
22,46,"Dendryphantes","C. L. Koch, 1837",,,,
22,48,"Pellenes","Simon, 1876",,,,
22,50,"Ballus","C. L. Koch, 1850",,,"Forkrop ret flad og med det højeste punkt bag lige bag øjnene. Bredden af den bagerste øjenrække er ca. 1.25 gange bredden af den forreste.","The carapace is rather flat with the highest point is just behind the eyes. The width of the posterior row of eyes is about 1.25 times the width of the anterior row."
22,51,"Neon","Simon, 1876",,,"Slægten består af små arter, som ret nemt bestemmes til slægtsniveau, grundet de relativt store udstående øjne i den bagerste øjenrække, der endvidere er placeret langt tilbage (bag midten) på forkroppen. Hunnerne har store epigyner i forhold til kropsstørrelsen.","Small spiders which are fairly easily identified to genus-level due to the relatively large protuberant posterior eyes situated rather far back on the carapace. The epigynes of the females are large compared to the size of the spider."
22,52,"Sibianor","Logunov, 2001",,,,
22,53,"Euophrys","C. L. Koch, 1834",,,"Artsrig slægt med små og middelstore arter. I denne slægt og den nærtstående slægt <i>Pseudoeuophrys</i> er patella og tibia på bagerste benpar 1.25 - 1.5 gange længden  af samme segmenter på benpar III. Herved adskiller de sig fra den nærtstående og tidligere art i slægten, <i>Talavera aequipes</i>, der har den samlede længde af de to segmenter på benpar III og IV næsten ens. Den bagerste øjenrække er ikke placeret bag midten af forkroppen som i slægten <i>Neon</i>. De fleste arter har ret forskellige, ofte smukke farvemønstre, og kan derfor ret let adskilles på grundlag af udseende.","Spiders of this genus and the closely related genus <i>Pseudoeuophrys</i> have the combined length of patella and tibia of legs IV about 1.25 to 1.5 times longer than the combined length of these two segments on legs III. The species of the genus differ hereby form the former member <i>Talavera aequipes</i>, in which the combined lengths of patella and tibia is almost the same for legs III and IV. Unlike the genus<i>Neon</i>, the posterior row of eyes is situated in front of the middle of the carapace. The majority of the species are qiute colourful, especially the males have handsome markings making the easy to identify by general appearance alone."
22,54,"Sitticus","Simon, 1901",,,"Kompakte springedderkopper i mørkebrune eller gråsorte farver. Karakteristisk for slægten er én til to par lyse pletter på bagkroppen dannet af hvide hår. Hos nogle arter, f. eks. <i>S. caricis</i>, kan pletterne dog være svære at skelne. Benpar IV noget forlængede, med tibia IV omtrent dobbelt så lang som tibia III.","Plumb spiders, usually in darkbrown or greyish-black colours. They are characterized by having one or two pairs of white spots on the abdomen made of patches of white hairs. In some species, such as <i>S. caricis</i>, spots are indistinct. Legs IV clearly longer than leg III, with tibia IV about twicw as long as tibia III."
22,57,"Evarcha","Simon, 1902",,,"Mellemstore, kraftigt byggede edderkopper med generelt stor forskel på kønnenes udseende. Slægtens arter er også meget forskellige i udseende, især hannerne. I modsætning til slægterne <i>Sitticus</i>, <i>Euophrys</i>, og andre lignende slægter, er den samlede længde af patella og tibia på benpar IV omtrent den samme som for benpar III.","Medium-sized, stout spiders with the sexes usually very different in general appearance. The members of the genus are also very different, especially the males. The total length of patella and tibia IV is about the same or only slightly longer than that of leg IIII in contrast to the genera <i>Sitticus</i>, <i>Euophrys</i> and other related genera,."
22,58,"Aelurillus","Simon, 1884",,,"Slægten <i>Aelurillus</i> adskilles fra de øvrige springedderkop slægter ved følgende kombination af karakterer: det firkantede område dannet af de fire midterøjne (okulære trapez) er tydeligt bredere end lang, tarsi I og II med tætte børster på undersiden (scopulae), og benpar IV er længere end benpar III. Sidstnævnte karakter adskiller slægten fra <i>Phlegra</i>, der har benpar IV kortere end benpar III.","The genus <i>Aelurillus</i> is separated from the remaining salticid genera by the following combination of characters: ocular trapezium appreciably broader than long, tarsi of legs I and II with dense scopolae, and legs IV longer than legs III. The latter character separates the genus from <i>Phlegra</i> which has legs IV shorter than legs III."
22,59,"Phlegra","Simon, 1876",,,"Slægten er karakteriseret ved at det firkantede område dannet af de fire midterøjne (okulære trapez) er dobbelt så bred som lang, ved at tarsi I og II er forsynet med børster (scopulae) på undersiden, og ved at ben III er længere end ben IV.","The genus is characterized by ocular trapezium nearly twice as broad as long, by tarsi I and II having scopulae and by legs IV shorter than legs III. One species occur in North Europe, including Denmark, with one further species in Central Europe."
22,60,"Synageles","Simon, 1876",,,"Myrelignende edderkopper med lang og smal krop. Bagkrop lettere indsnævret omtrent ved midten. Hovedet ikke skarpt afsat fra thorax som hos <i>Myrmarachne</i>. Benpar I kraftigt fortykkede i forhold til øvrige benpar.","Ant-like spiders with long and narrow body. Abdomen slightly constricted near the middle. Head not abrubtly raised from thorax as in <i>Myrmarachne</i>. First pair of legs massive compared to the remaining pairs."
23,63,"Oxyopes","Latreille, 1804",,,"Slægten er karakteriseret ved at den bagerste øjenrække er stærkt fremadbøjet. Afstanden fra de bagerste laterale øjne til de bagerste midterøjne eller til de forreste midterøjne er næsten ens.  Afstanden mellem de forreste laterale øjne er næsten den samme som afstanden mellem de bagerste midterøjne. Benpar IV længere end benpar III.","The genus is distinguished from most other <i>Oxyopidae</i> genera by the following characters: Posterior row of eyes strongly procurved. The distance between the posterior laterals, and the posterior medials or the anterior medials is about the same.  The distance between the anterior medials, and the posterior laterals is also subequal. Legs IV are longer than legs III."
24,64,"Hygrolycosa","Dahl, 1908",,,,
24,65,"Xerolycosa","Dahl, 1908",,,"Slægtens to europæiske arter minder en del om <i>Pardosa saltans/lugubris</i> på grund af den brede, lyse midtstribe på forkroppen. Hovedet har dog ikke lodrette sider som hos <i>Pardosa</i>, men runder mere gradvis mod kanten af forkroppen. Sidebånd er kun tilstede på den bagerste halvdel af forkroppen, og består af lyse hår der undertiden dog kan mangle. Edderkopper i <i>Alopecosa</i> slægten har også en bred midtstribe på forkroppen, men er større og mere robust byggede, især benene er kraftigere. Benenes tarsi hver med fire skiftevis lange og korte trichobothria (lange opretstående sansehår). Begge arter forekommer i Danmark.","The two European species in <i>Xerolycosa</i> resemble <i>Pardosa saltans/lugubris</i> somewhat in general appearance as the share similar median bands on the carapace. However, the heads differ in shape as the sides are not vertical in however, as <i>Xerolycosa</i> has gradual rounded sides as opposed to the vertical sides in <i>Pardosa</i>. Lateral bands are only present on the rear half of the carapace and are composed of light hairs that sometimes are partially or wholly rubbed off. Spiders of the <i>Alopecosa</i> also have broad median bands on the carapace but are larger and more robust, especially the legs are much stouter. Tarsi of legs each with four trichobothtria alternating in length."
24,66,"Alopecosa","Simon, 1885","Kæmpejægere","Fox-spiders","<i>Alopecosa</i> er næst efter <i>Pardosa</i> den artsrigeste slægt i Lycosidae. Det er mellemstore til store edderkopper med tydeligt midterbånd på forkroppen, der er bredere end  øjengruppen. Benene er kraftige og nogle arters hanner har opsvulmede forbenstibia. Bagkrop med tydeligt hjertemærke. Arterne kan deles i to grupper afhængig af om bugsiden er lys eller sort. Det er slægtens største medlemmer der har sort bugside, blandt de danske arter drejer det sig om <i>A. inquilina</i> og <i>A. fabrilis</i>. Hunnerne graver en underjordisk retræte, hvor de vogter deres ægsæk.","<i>Alopecosa</i> seconds <i>Pardosa</i> in species richness within the Lycosidae. Medium-sized to large spiders with clear median band on the carapace wider than the eye group. Legs are stout with some males having swollen tibia I. Abdomen with clear cardiac mark. The species can be grouped by the colour of the ventral surface which is black in some species and light-coloured in others. The females dig a burrow where they guard their egg sack."
24,67,"Trochosa","C. L. Koch, 1847","Bjørneedderkopper","Ground wolf spiders","Robuste edderkopper, hvor forkroppen er ret tæthåret. Forkroppens midterbånd er bredest fortil hvor den inholder to langsgående mørke, parallelle bjælker. Hunnerne hos de fire <i>Trochosa</i> arter kan deles i to grupper med hver to arter efter hjertemærkets farve. Hos <i>T. ruricola</i> og den noget større <i>T. robusta</i> er hjertemærket (den lyse stribe forrest på bagkroppen) lysere end bagkroppens grundfarve. Hos de to øvrige arter, <i>T. terrestris</i> og <i>T. spinipalpis</i> er hjertemærket af samme farve som bagkroppens grundfarve og derfor noget utydelig. Hannerne hos de to sidstnævnte arter har ofte lyse hjertemærker, og farven er derfor ikke en pålidelig karakter i artsbestemmelse hos dette køn. Derimod kan voksne hanner grupperes efter hvorvidt der er en klo tilstede på palpespidsen, hvilket er tilfældet for <i>T. ruricola</i> og <i>T. robusta</i>. Hanner hos alle arter har tibia, metatarsi og tarsi på første benpar mørkebrune. Nataktive edderkopper som tilbringer dagen gemt under førn, mos og lign. Hunner med ægsække graver en lille gang i jorden, hvor de opholder sig indtil ungerne kommer frem.","Robust spiders with a fairly dense clothing of the carapace with short hairs. Median band on carapace broadened anteriorly and enclosing two longitudinal, parallel dark bars. The females of the four species can be grouped in to two groups of two by the colour of the cardiac mark. Trochosa ruricola</i> and the somewhat larger <i>T. robusta</i> are characterised by having the cardiac mark distinctly paler than the rest of the abdomen. The cardiac mark of the two other species, <i>T. terrestris</i> and <i>T. spinipalpis</i> is of the same colour as the general colour of the abdomen, and therefore rather indistinct. Male cardiac marks of the two latter species are often light and the colour in this sex is therefore not a reliable character in grouping species. However, adult males can be grouped by whether they possess a palpal claw, which is the case for <i>T. ruricola</i> and <i>T. robusta</i>. Males of all species with tibia, metatarsi and tarsi darkened on legs I. Nocturnal spiders that spend the daytime hidden in leaf litter, moss, etc. Females with eggsacks make a small burrow where they remain until the spiderlings emerge."
24,68,"Arctosa","C. L. Koch, 1847","Graveedderkopper","Bear-spiders","Slægten består af mellemstore til store arter som er karakteriseret ved at rygskjoldet er ret fladt, uden midtstribe og med blikket påfaldende opadrettet. Arterne mangler generelt længdestriber, og er velcamouflerede i forhold til det substrat de færdes på. Ben typisk med veludviklede ringtegninger eller pletmønstre. Hanner og hunner ret ens i udseende. Edderkopperne i denne slægt graver retræter i sand, detritus, mos eller under sten men ses dog ofte løbende omkring.","Medium-sized to large spiders characterized by a rather flattened carapace without clear median band, and with the eyes directed somewhat upwards. Most species lack longitudinal bands, and are well-camouflaged against the substrate. Legs with clear annulations or distinct spots. Males rather similar to females in general appearance. Depending on habitat, the species make burrows in sand, moss, detritus or under stones, but specimens are also frequently seen running about."
24,69,"Pirata","Sundevall, 1833","Piratjagtedderkopper","Pirate wolf spiders","Små til mellemstore edderkopper som kan kendes på den karakteristiske stemmegaffelformede tegning på forkroppen. Denne findes typisk i et lyst midterbånd, men hos arter med mørkt eller manglende midterbånd kan tegningen dog være svær at erkende. Hjertemærket som regel lysere end bagkroppens grundfarve. De fleste arter har bag hjertemærket to rækker blåhvide prikker som ofte er meget iøjnefaldende. Nogle arter har også tydelige hvide sidebånd på bagkroppen. Artene anlægger lodrette rørformede spind i mosser og tørvemosser, som benyttes som retræter, men de løber også meget omkring. De færdes let på vandoverflader, hvor de er i stand til at fange bytte både over og under vandoverfladen. Nogle arter, især <i>P. piscatorius</i>, kan godt minde om rovedderkopper fra <i>Dolomedes</i> slægten, som træffes i de samme habitater.","Small to medium-sized spiders with light median band on the carapace enclosing a dark tune fork-shaped marking. This marking is very characteristic for lighter coloured species, but may be difficult to distinguish at darker species. The cardiac mark is usually lighter than the ground colour of the abdomen. Most species have the cardiac mark followed by paired bluish-white or white dots which usually are very striking. Some species also have light bands at the sides of the abdomen. The species construct vertical tubes in peat moss which are used as retreats, however much time is also spent running about. They are capable of running on water surfaces where they catch prey both above and under the surface. Some species, in particular <i>P. piscatorius</i>, resemble species of the <i>Dolomedes</i> (Pisauridae), which occur in similar habitats."
25,71,"Pisaura","Simon, 1885",,,"Karakteristisk udseende med en langstrakt, slank bagkrop der spidser til bagtil.","The species has a very characteristic appearance with a slender tapering abdomen."
25,72,"Dolomedes","Latreille, 1804",,,"Store robuste edderkopper, som er knyttet til vand. De er i stand til at fange ret store byttedyr, som f.eks haletudser og små hundestejler. Ungdyr jager også i urtevegetation og på mosser i mere tørre, tilgrænsende habitater. Skræmmes de kan de dykke eller kravle ned af plantestængler, og forblive under vandet i op til en time. <i>Dolomedes plantarius</i> er mere tilbøjelig til at dykke eller kravle ned under vandoverfladen end <i>D. fimbriatus</i>. De to arter i slægte overlapper i udseende, men da begge arter ofte er talrige, er det som regel nemt at afgøre hvilken art der er tilstede, ved at se på hvilken farveform der dominerer. Hvis begge arter er tilsted på samme lokalitet, kan det dog være vanskeligt at kategorisere de enkelte individer til art på udseendet alene.","Large and robust spiders. The are known as raft or fishing spiders. The occur in swampy habitats, and are able to grab land withdraw arge prey animals such as tadpoles and small sticklebacks from the water. Immatures also hunts on land amongst herbs, and on moss. Fishing spiders are able to crawl down the stems or leaves of water plants if threatened, and can remain submerged up to an hour. <i>Dolomedes plantarius</i> is more prone to dive or crawl under than <i>D. fimbriatus</i>. The two species overlap in general appearance, but as both species usually occur in some numbers it is fairly easy to determine the species is present by looking at which colour form dominates. If both species are present at a locality, it can be difficult to assign individuals to species."
26,73,"Argyroneta","Latreille, 1804",,,"Slægten indeholder kun én art, <i>Argyroneta aquatica</i>, som forekommer med sin egen underart i Japan, <i>A. aquatica japonica</i>. <i>Argyroneta</i> betyder \"sølvspind\" på latin, og henviser til den enestående \"dykkerklokke\" arten spinder under vandet.","<i>Argyroneta aquatica</i> is the sole member of the genus, with one subspecies, <i>A. aquatica japonica</i>, described from Japan. The latin word \"<i>Argyroneta</i>\" translates in to \"silvery net\", and refers to the unique underwater diving-bell that the species creates."
27,74,"Agelena","Walckenaer, 1805",,,"Slægtens arter har den bagerste øjenrække stærkt fremadbøjet.","In <i>Agelena</i> the posterior row of eyes is strongly procurved."
27,75,"Textrix","Sundevall, 1833",,,"Den bagerste øjenrække er stærkt tilbagebøjet med de mediære øjne størst. Hovedet smalt. Arterne kan godt minde lidt om jagtedderkopper, da de ofte ses løbende hurtigt omkring, men de meget lange og leddelte bagerste spindevorter er kendetegnende. Slægten har to arter i Nord- og Mellemeuropa, hvoraf den ene forekommer i Danmark.","The members of this genus have the posterior row of eyes strongly recurved with the medials larger than the laterals. The narrow head is clearly set off from the thorax. The species may resemble wolf spiders as they are sometimes seen running about in sunshine, but the long and segmented posterior spinners are very noticeable and give them away as funnel web weavers. There are two species in northern and central Europe, of which one occur in Denmark."
27,76,"Tegenaria","Latreille, 1804","Husedderkopper",,"Bagerste øjenrække let fremadbøjet med de mediære øjne en anelse mindre end de laterale. Ben og rygskjold er beklædt med fjerformede (plumose) hår som dog kun ses ved stor forstørrelse. Tibia og patella på benpar I mindre ned halvandet gang længden af rygskjoldet. Hanner og hunner ret ens i tegninger men hannerne er slankere og betydeligt længere ben. Tegninger på brystpladen (sternum) kan i nogen grad anvendes til at adskille arterne.","Head prominent, protruding. Thoracic part of carapace oval. Posterior row of eyes slightly procurved with the medials marginally smaller than laterals. Trapezium formed by medial eyes widest behind. Clypeus higher than twice the diameter of an anterior medial eye. Chelicerae strong with distinct lateral condyles. Labium longer than broad. Carapace and legs with coverage of plumose hairs, however only discernible as plumose at high magnification. Tibia and patella of legs I less than 1.5 times the length of the carapace. Abdomen oval, rather elongate with dense hairing usually with markings consisting of paired spots or chevrons. Posterior spinners long, more than twice the length of anteriors and widely separated. Males with similar markings as the females but slimmer and with relatively longer legs. Many species have characteristic markings on the sternum which may aid species identification. Members of <i>Tegenaria</i> possess a thick and short embolus originating from subapical part of the embolus (Guseinov et al. 2005). Formerly, the genus also included species with long, filamentous embolus originating basally or subbasally, but these species have been transferred to <i>Malthonica</i> (Guseinov et al. 2005)."
27,77,"Histopona","Thorell, 1869",,,"<i>Histopona</i> har den bagerste øjenrække svagt tilbagebøjet.","The  posterior row of eyes in <i>Histopona</i> is slightly recurved."
28,81,"Cryphoeca","Thorell, 1870",,,,
28,82,"Antistea","Simon, 1898",,,,
34,83,"Araneus","Clerck, 1757",,"Angulate and round-shouldered orb weavers",,"Small to large large spiders ranging from 2.5 mm to at least 25 mm body length. Posterior medial eyes slightly larger than the rest and separated by one diameter from each other. Anterior medials separated by 2-3 diameters. Height of clypeus ca. 1.5 diameter of one anterior medial eye. Some species have well-developed shoulder humps while other are round-shouldered or possess traces of humps such as <i>Araneus diadematus</i>. There is some sexual dimorphism with males smaller and much slimmer than females, especially gravid ones. Epigyne with large scape originating from base of epigyne. Male palp complex, the shape of embolus and terminal apophysis being the most important characters for separating the species (Almquist 2005)."
34,84,"Nuctenea","Simon, 1864",,,,"Carapace rather broad and flattened. Anterior medial eyes are situated on a low elevation. Medial trapezium slightly wider at rear. Height of clypeus about one diameter of an anterior medial eye. Lower edge of clypeus curve downward in area below anterior medial eyes. Abdomen flattened with a wide dark folium extending full length of abdomen. Several light spots are present within folium as are four pairs of large, brown or blackish impressed dots (sigilla). Venter black with a white or yellow comma-shaped mark in each side. Males with a hook on distal margin of coxa I opposite a depression on femur II (Almquist 2005)."
34,85,"Larinioides","Caporiacco, 1934",,,,
34,87,"Neoscona","Simon, 1864",,"Spottet orbweavers",,
34,88,"Aculepeira","Chamberlin & Ivie, 1942",,,,
34,89,"Agalenatea","Archer, 1951",,,,
34,91,"Cercidia","Thorell, 1869",,,,
34,92,"Araniella","Chamberlin & Ivie, 1942",,,,
34,93,"Hypsosinga","Ausserer, 1871",,,,"The legs are short with combined length of patella and tibia I hardly as long as carapace. Posterior medial eyes larger than the other eyes."
34,94,"Singa","C. L. Koch, 1836",,"Pyjama orbweavers",,
34,95,"Zygiella","F. O. P.-Cambridge, 1902",,,,"Anterior row of eyes recurv, posterior slightly procurved. Median ocular trapezium forms a square. Distance between posterior medians only slightly smaller than the distance to adjacent laterals. Clypeus less than diameter of one anterior medial eye. Dorsum of abdomen usually with a dark bordered folium. Venter and sternum with dark bands."
34,96,"Cyclosa","Menge, 1866",,"Thrashline orbweavers",,
34,97,"Mangora","O. P.-Cambridge, 1889",,,,
34,98,"Argiope","Audouin, 1826",,"Garden orbweavers",,
35,99,"Walckenaeria","Blackwall, 1833",,,,"The members of this genus range in size from 1.35 to 4.0 mm (Millidge 1983). The male carapace in most European species is elevated, often into large lobes or modified in some other way. However, in a few species such as in <i>W. dysderoides</i> the male head is only slightly domed behind the eyes. Where there is a lobe this carries the posterior median eyes (Millidge 1983). In other species the male carapaces carries a projection, often furnished with hairs which may be clavate or furcated. More rarely is the carapace of the female elevated, such as in <i>W. acuminata</i> which carries a conical elevation. The sternum is longer than wide with the posterior end pointed between coxae IV (Locket & Millidge 1953). The <a href=\"http://www.jorgenlissner.dk/images/Pictures/Walckenaeria_atrotibialis_male_JL5576_19806.JPG\">pedicel </a>is distinctly sclerotized and is quite conspicuous in some species. The abdomen is without a scutum and is unicoloured in most species, usually greyish black but occasionally light grey or yellowish brown. Tibia I and II carries two spines while III and IV carries one in the European species. Legs are unicoloured in most species, often bright orange or reddish orange. Some species have contrastingly blackened tibiae on anterior leg pairs. Spines are weak, particularly on legs I and II in males (Millidge 1983). All metatarsi with a trichobothrium, Tm I variable, ranging from 0.39-0.76 in British species (Roberts 1987). The male palpal organs are of similar form and differences are not discernible with a hand lens. Females of a few species possess characteristic epigynes which makes them identifiable in the field using a hand lens. Other characteristics of the genus (not visible with a lens) include the strongly pectinate and large superior tarsal claws of legs I and II, clear transverse striae on the lateral faces of the chelicerae and the acuminate tarsus of the female palp (Locket & Millidge 1953, Millidge 1983). The European members of the genus have been reviewed by Wunderlich (1972) and the North American by Millidge (1983). "
35,100,"Dicymbium","Menge, 1868",,,,
35,101,"Entelecara","Simon, 1884",,,,"Most species are rather similar in general appearance. Males have the head region domed. Female tibiae I-II with two spines, III-IV with just one. In males spines are much reduced, usually absent altogether from tibiae I-II (Locket & Millidge 1953). Metatarsus IV with a trichobothrium in most species. Male palp with two prominent tibial apophyses."
35,102,"Moebelia","Dahl, 1886",,,,
35,103,"Gnathonarium","Karsch, 1881",,,,
35,105,"Tmeticus","Menge, 1868",,,,"This genus description is based on Locket & Millidge (1953) and Saito & Ono (2001) and may not encompass all species currently assigned to this genus. Male head not elevated in to lobe but head may be highly raised. Male chelicerae with a large warty tooth anteriorly. Metatarsus IV with a trichobothrium. Female tibiae I-II with two spines, tibiae III-IV with one spine. Male tibiae I-II spineless, tibiae III-IV with one short spine. Male palpal tarsus and palpal organs are relatively small in some species. The species may be classified in to two groups based on the structure of the male palpal organs (Saito & Ono 2001). One group is characterized by very long male palps and a hook-shaped patellar apophysis while tibia is without distinct apophysis (except in <i>Tmeticus affinis</i> which have a small dorso-distal bifid tibial apophysis). The second group possess a shorter male palp without a patellar apophysis, but with a distinct dorsal apophysis on the tibia. "
35,106,"Gongylidium","Menge, 1868",,,,
35,107,"Dismodicus","Simon, 1884",,,,
35,108,"Hypomma","Dahl, 1886",,,,"The commonest species (including the Faroese species) are characterized by orange prosoma, legs and black, glossy abdomens with four distinct sigilla. Male head elevated into two large lobes divided longitudinally. Eyes are situated in front of lobes. Tibia I-IV with one short dorsal spines less than diameter of tibia in length. Male palp with two tibial apophyses, one short and small, one long and slender."
28,109,"Hahnia","C. L. Koch, 1841",,,,"The carapace is longer than broad. Eyes close together with anterior medials smaller than anterior laterals. Trapezium formed by medial eyes widest behind. Lateral sides of chelicerae are straight. Tip of sternum not truncated between coxa IV. The tracheal spiracle is situated about two-fifth of distance from the spinners to the epigastric fold. The six spinners are in a transverse row. The lateral spinners are clearly longer than the rest, and the distal segment of lateral spinners is just half as long as proximal. There is no colulus."
29,110,"Ero","C. L. Koch, 1836",,,"Slægtens medlemmer minder lidt om kugleedderkopper (Theridiidae) på grund af den runde bagkrop, som er højere end lang. Bagkroppen er forsynet med 1-2 par pukler. På bagkroppens overside ses krumme, børstelignende hår. De forreste midterøjne er let fremspringende. Afstanden mellem de forreste midterøjne og hovedets forkant (højden af clypeus) er ca. den samme som afstanden mellem de forreste og bagerste midterøjne. Længden af ben I er under 1⅓ af længden af ben IV. De to almindeligste danske arter, <i>E. furcata</i> og <i>E. cambridgei</i> overlapper i habitat, og er vanskelige at adskille alene på udseendet. Arterne har lys gulbrun forkrop med noget variable sorte bånd langs siderne, som ofte når helt ud til kanten. I midtlinien, især ved øjenregionen, ses flere uregelmæssige og variable sorte tegninger. Da forkropstegningerne er ret ens for arterne men er noget variable kan de ikke anvendes til at adskille arterne. <i>Ero</i> arterne spinder nogle meget karakteristiske gulbrune ægsække, som består af en ægformet eller aflang sæk, som er ca. 4 mm i diameter, og omviklet med krusede tråde af lidt mørkere farve. Sækken hænger i en 1-2 cm lang stilk som typisk er fastgjort til vegetation, herunder grene og bark på træer. Ægsækkene vogtes ikke, men forlades af hunnen som opsøger nye byttedyr for at kunne producere flere ægsække. Da arterne er nataktive, og gemmer sig væk i dagtimerne, er ægsækkene ofte et tydeligt vidnesbyrd om deres tilstedeværelse.","The species of this genus resemble comb-footed spiders (Theridiidae) due to their globular abdomen, which is higher than long. The abdomen bears one or two pairs of conical tubercles. The dorsal parts of the abdomen are furnished with curved bristle-like hairs. The anterior medial eyes projects on a small tubercle. The distance between the anterior edge of the carapace and the anterior medial eyes (height of clypeus) is about the same as the distance between the anterior and posterior medial eyes. The length of leg I is slightly less than 1⅓ times that of leg IV. The two commonest Danish species of the genus, <i>E. furcata</i> and <i>E. cambridgei</i>, are difficult to separate as they overlap both in general appearance and habitat. The carapaces of the species are light yellowish brown with variable blackish lateral bands, which often reach the margins. I the midline and especially the eye region there are additional irregular blackish markings. Since these markings on the carapace are quite similar for the species, they are not useful for separating the species. The egg sacks of <i>Ero</i> are very characteristic. The more or less egg-shaped sack is about 4 mm in diameter, and made of yellowish brown silk which is surrounded by loosely woven silk of a darker colour giving the sack a woolly appearance. The sack is suspended by a cord of silk about 1-2 cm long, typically fastened to vegetation, including branches and bark of trees. The sacks are not guarded but abandoned by the female, which set out for more prey to be able to produce more egg sacks. Since <i>Ero</i> species are nocturnal, and remain hidden during the daytime, the egg sacks often reveal the presence of the species before specimens are found."
30,111,"Episinus","Walckenaer, in Latreille, 1809",,,,
30,112,"Euryopis","Menge, 1868",,,,
30,113,"Crustulina","Menge, 1868",,,,"The carapace is provided with pits and hairy warts and appears rugose. The eyes are subequal in size. The clypeus is very high - more than six times the diameter of an anterior median eye. Sternum also rugose and extended between coxae IV. The abdomen is globose. Colulus large and provided with two bristles. A stridulating organ is present."
30,114,"Steatoda","Sundevall, 1833",,,"Hannerne i denne slægt kan producere hørbare lyde under parringen ved at gnide tænder og riller på for- og bagkrop imod hinanden.","Many species of this genus have a light band along the anterior edge of the abdomen. Males are able to produce sounds during courtship by scraping teeth on the abdomen against a file on the rear of the carapace."
30,117,"Theridion","Walckenaer, 1805",,,,
35,119,"Baryphyma","Simon, 1884",,,,"A group of species with rather similar palpal organs and epigynes. Carapaces of males usually with dome shaped-elevation. The shape of the elevation in lateral view is an important character aiding identification. The shapes of the male palpal tibiae and tibial apophyses are equally important. Male palps are generally relatively large compared to size of prosoma. All species possess rows of stout bristles beneath the anterior femora and tibia (Millidge 1977). Tm I 0.75-0.95, Tm IV present (Roberts 1985). Tibiae I and II with two dorsal spines, tibiae III and IV with one dorsal spine (Millidge 1977)."
35,120,"Gonatium","Menge, 1868",,,,"The species range in size from 2.0-3.7 mm. The cephalothorax and legs are bright orange, orange red or reddish brown. The male head carries no lobe but is slightly raised. Sternum at least as wide as long with coxae IV widely separated. Legs fairly long and slender. Leg spines are short, shorter and weaker in males than in females. Males have tibia I and to a lesser degree tibia II curved and swollen distally. They are furnished ventrally with many long hairs or bristles. Also metatarsi I and II and femora I and II are provided with many short spines or bristles ventrally. There is a single spine on each tibia in both sexes. All metatarsi with a trichobothrium. Tm I range from 0.75-0.95 (Millidge 1981). The tarsal claws are pectinated, consisting of narrow, needle-like teeth. The pectination is different in almost all other groups of spiders with pectinate claws (Millidge 1981). Abdomen globular, often reddish with four sigilla dorsally. There is no scutum. The male palpal femur is swollen in some species. The epigynes of all <i>Gonatium</i> species have the same general appearance, and depending on the number of species at a given locality specimens may be identifiable with a lens. "
35,121,"Maso","Simon, 1884",,,,
35,122,"Pocadicnemis","Simon, 1884",,,,
35,123,"Oedothorax","Bertkau, in Förster & Bertkau, 1883",,,,
35,124,"Trichopterna","Kulczynski, 1894",,,,
35,125,"Silometopus","Simon, 1926",,,,"The species in this genus are rather similar in general appearance and in their genitalia (Roberts 1985). Small species, body length range from 1.0- 2.2 mm. Tibia I-IV with one dorsal spines, usually weak or even absent in most males (Roberts 1985). Sometimes Tibia I-II are without dorsal spines (Nentwig W, Blick T, Gloor D, Hänggi A, Kropf C: <a href=\"http://www.araneae.unibe.ch/genkey-Linyphiidae-25-1.html\"> Araneae - Spiders of Europe - Key to Linyphiidae</a>). Metatarsus IV without a trichobothrium. Metatarsi not much longer than tarsi with Mt I/T1 ca. 1.1-1.2 (Locket & Millidge 1953). Head of males very slightly to slightly domed behind the eyes depending on species. Abdomen with four dark-brown dots (sigilla) which become reddish in alcohol preserved specimens. "
35,126,"Evansia","O. P.-Cambridge, 1900",,,,
35,127,"Tiso","Simon, 1884",,,,"Male head only slightly raised behind eyes. Eyes rather small. Metatarsus IV without a trichobothrium. Tm I 0.5-0.59 (Roberts 1987). Tibiae I-IV with one spine."
35,128,"Minyriolus","Simon, 1884",,,,
35,129,"Tapinocyba","Simon, 1884",,,,
35,131,"Microctenonyx","Dahl, 1886",,,,
35,132,"Satilatlas","Keyserling, 1886",,,,
35,133,"Thyreosthenius","Simon, 1884",,,,
35,134,"Monocephalus","Smith, 1906",,,,"Male head elevated and depressed at sides. Metatarsus IV without a trichobothrium. Tibiae I-IV with one spine but tibia I-II spineless in males."
35,135,"Lophomma","Menge, 1868",,,,
35,136,"Saloca","Simon, 1926",,,,
35,137,"Micrargus","Dahl, 1886",,,,
35,138,"Notioscopus","Simon, 1884",,,,
35,139,"Erigonella","Dahl, 1901",,,,
35,140,"Savignia","Blackwall, 1833",,,,"The <i>Savignia</i> species group was redefined by Millidge (1977) as the original description by Blackwall (1833) only accommodated one species <i>Savignia frontata</i> which erroneously was grouped with six-eyed spiders. A number of new species have been assigned to this genus in recent years (The World Spider Catalog by Platnick). The genus is closely related to <i>Diplocephalus</i> and other genera with similar structures of genitals and it has been proposed to merge these genera (Millidge 1997). However, Eskov (1988) on the other hand would like to limit <i>Savignia</i> to species with T-shaped embolic division and an embolus which is slightly curved and directed backwards (Bosselaers & Henderickx 2002)."
35,141,"Diplocephalus","Bertkau, 1883",,,,"Male head elevated in to a variety of lobes (Locket & Millidge 1953). Tibiae I-II with two spines, III-IV with just one spine (spines sometimes reduced or absent in males). Metatarsi longer than tarsi: leg I: 1.2-1.3 times, leg IV: 1.5-1.6 times (Locket & Millidge 1953)."
35,142,"Lessertia","Smith, 1908",,,,
35,145,"Erigone","Audouin, 1826",,,,"Edges of carapace strongly dentate in males, less so in females. Male head domed, but not raised in to a lobe. The chelicers are robust and furnished with warts and teeth anteriorly being more strongly developed in males than in females. Tibiae I-III with two spines, IV with just one. Metatarsi slightly longer than tarsi: leg I: 1.3-1.4 times, leg IV: ca.1.6 times (Locket & Millidge 1953). Male palp with characteristic large ventral patellar apophysis at the distal end. Palpal femur often with ventral knobs and teeth along length."
35,149,"Donacochara","Simon, 1884",,,,
35,150,"Leptorhoptrum","Kulczynski, 1894",,,,"This genus holds only one, fairly large species with simple genitals."
35,151,"Drepanotylus","Holm, 1945",,,,"Both sexes domed behind the eyes. All tibiae with two dorsal spines, tibia I with an additional prolateral spine."
35,152,"Leptothrix","Menge, 1869",,,,
35,154,"Carorita","Duffey & Merrett, 1963",,,,
35,156,"Mioxena","Simon, 1926",,,,
35,158,"Asthenargus","Simon & Fage, 1922",,,,
35,159,"Jacksonella","Millidge, 1951",,,,
35,161,"Ostearius","(Hull, 1911)",,,,"All tibia with two dorsal spines but no lateral spines. Metatarsus IV about twice as long as tarsus IV. Male palp with tibial apophysis."
35,162,"Aphileta","Hull, 1920",,,,
35,163,"Porrhomma","Simon, 1884",,,,"There is no recent revision of the genus available. The description here is based on Locket & Millidge (1953), and Borges & Wunderlich (2008). Ocular area with some forward projecting hairs, most pronounced in males. Eyes are variable in size, in some species minute or absent. Metatarsus IV without a trichobothrium. The species differ in leg spination, a character that is useful for grouping the species aiding identification. Male palp with no tibial apophysis. Some species possess stridulating files on coxa I while these are reduced or absent in others. The latter case is considered a derived (apomorphic) character of the genus. Tm I of British species range between 0.3-0.64 (Roberts 1987)."
35,164,"Microneta","Menge, 1869",,,,
35,166,"Centromerus","Dahl, 1886",,,,"Legs fairly short and stout (Locket & Millidge 1953). Metatarsi I and II with a small dorsal spine. Metatarsus IV without a trichobothrium. Tibia I sometimes with a prolateral spine. Tibia IV with one or two dorsal spines. Epigyne with a scape in most species."
35,167,"Tallusia","Lehtinen & Saaristo, 1972",,,,
35,168,"Centromerita","Dahl, 1912",,,,"All tibiae with two dorsal spines, lateral spines and some stout spines ventrally (Locket & Millidge 1953). Metatarsus without a trichobothrium. Femora I and II each with a dorsal and prolateral spine. The male palpal tibia has a bunch of stout serrated bristles."
35,169,"Sintula","Simon, 1884",,,,
35,171,"Saaristoa","Millidge, 1978",,,,"Head not elevated in males. All tibiae with two dorsal spines. Metatarsus IV without a trichobothrium."
35,172,"Kaestneria","Wiehle, 1956",,,,
35,173,"Diplostyla","Emerton, 1882",,,,
35,174,"Poeciloneta","Kulczynski, 1894",,,,"Clypeus narrow about equal to the diameter of one anterior lateral eye (Locket & Millidge 1953). Male fangs are strong and relatively longer than in females. Outer margin of chelicerae with four large teeth (only visible in a stereomicroscope). Legs rather long. Femur I with a prolateral spine, tibiae with two dorsal spines but no lateral spines. Metatarsi without spines; metatarsus IV with a trichobothrium. "
35,175,"Drapetisca","Menge, 1866",,,,
35,176,"Tapinopa","Westring, 1851",,,,
35,177,"Floronia","Simon, 1887",,,,
35,178,"Taranucnus","Simon, 1884",,,,
35,179,"Labulla","Simon, 1884",,,,
35,180,"Stemonyphantes","Menge, 1866",,,,
35,181,"Bolyphantes","C. L. Koch, 1837",,,"Af de to <i>Bolyphanthes</i> arter der forekommer i Danmark er  <i>Bolyphanthes luteolus</i> den almindeligste. Begge arters hanner har en kraftig torn på palpens knæled, ligesom de begge har kraftige, fremadrettede hår i øjeregionen.","Fairly large linyphiidsof the subfamily Micronetinae having body lengths up to 5 mm (Saaristo & Tanasesevitch 2000). In some species the male carapace is elevated in the ocular area which is furnished with numerous forward directed bristles. Carapace only somewhat raised in female. Abdomen with pattern. Metatarsus IV without a trichobothrium. Legs long and slender and well armed with spines. Femora without dorsal spines. Tibiae and metatarsi with numerous spines. Tm I 0.15-0.18 (Saaristo & Tanasesevitch 2000). Abdomen with pattern. Males have a stout spine on the palpal patella. 
"
35,182,"Helophora","Menge, 1866",,,,
35,183,"Pityohyphantes","Simon, 1929",,,,
35,184,"Neriene","Blackwall, 1833",,,,
35,185,"Microlinyphia","Gerhardt, 1928",,,,"Medium sized spiders 2.8-4.6 mm, larger species are found outside Europe (van Helsdingen 1970). This species displays a large sexual dimorphism. Cephalothorax of male is longer and narrower than in female. Abdomen tubular in male and usually dark while more oblong and lighter coloured in females. Posterior medial eyes on black tubercles. Lateral eyes contiguous. Legs long and slender, most noticeable in males. Embolus long and thread-like in European species, easily visible with a lens. The chelicerae in males are long, more than half the length of the cephalothorax and inclined somewhat backwards. The epigyne is small, inconspicuous and consists of an arch anterior to the openings and a small scape-like protrusion. The arch is dark and barely more sclerotized than surrounding area."
35,186,"Allomengea","Strand, 1912",,,,"Small to medium-sized spiders with European species ranging from 2.9-5.6 mm in body length (van Helsdingen 1974). Carapace not modified in males. Eyes subequal with anterior medials slightly smaller than the others. Chelicerae with well-developed stridulating ridges. Abdomen with or without a pattern. Legs long and thin. Femora without spines, tibia with several spines including ventral ones, metatarsi I and II with one ventral spine only (occasionally none), metatarsi III and IV with more numerous spines. Tm I 0.65-0.80. Metatarsi IV with a trichobothrium (<i>A. scopigera</i> has several trichobothria in addition to principal one). The males of the genus are easily recognized by the palp, which is armed with a bunch of stout spines arising from the tip of a horn-like projection of the cymbium. Epigyne is formed as a small to large more or less triangular sclerotized projection depending on species."
3,188,"Eresus","Walckenaer, 1805",,,,
4,189,"Amaurobius","C. L. Koch, 1837",,,"Ret store cribellate, nataktive edderkopper som spinder store, blålige krustrådsspind udendørs på bygninger, under bark og i førn. Hannerne hos alle arter er adulte om efteråret, hvor de forlader deres spind for at søge efter hunner. Hannerne er slankere end hunnerne, men har de samme bagkropstegninger.","Medium sized to large spiders with most species having a body lengtht between 3.5 and 15 mm (Roberts 1995, Kaston 1978). Head high, covered with bent black hairs. Clypeus a little higher than the diameter of one anterior medial eye. Chelicerae robust, bulging on anterior surface and with a prominent lateral condyle. A bipartite cribellum is present anterior to the spinners (divided in two by a fine ridge). Calamistrium with double row of bristles originating about 1/5 distance from base of metatarsus IV. Femora with well developed dorsal and dorsolateral spines. Trichobothria on metatarsi and tarsi increase in lenght towards distal ends. Males are slimmer than the females, but the abdominal pattern are the same in both sexes. Male with three tibial apophyses which usually are visible with a lens. Epigynes variable from large median plate with small lateral lobes to small median plate with large lateral lobes."
6,191,"Dictyna","Sundevall, 1833",,,"Små, ret ensartede edderkopper med bred bagkrop og korte ben. Mønstret med hvide hår  på en mørk krop og hovedregion, på sidstnævnte sidder hårene ofte i langsgående rækker. De danske arter er mest knyttet til lavere vegetation, typisk dværgbuske og urter, hvor det blålige, lidt uldne spind anlægges i toppen af grene og blomsterskud. Der findes dog også arter der anlægger der spind på klipper, under tangopskyl og udvendigt på huse. Arterne kan være vanskelige at adskille uden brug af stereolup.","Members of this genus are small, rather similar spiders with an broad abdomen and short legs. Patterned with light hairs on a dark abdomen. The head region often have the light hairs arranged in longitudinal rows."
6,192,"Lathys","Simon, 1884",,,"De små arter i denne slægt er karakteriseret ved at de forreste mediære øjne er meget mindre end de øvrige.","The small members of this genus are characterized by having much smaller anterior medial eyes than the rest."
6,193,"Nigma","Lehtinen, 1967",,,,
6,194,"Argenna","Thorell, 1870",,,"Små, ret sjældne arter der er knyttet til kysthabitater.","Spiders of this genus are primarly found in coastal habitats."
8,197,"Uloborus","Latreille, 1806",,,"<i>Uloborus</i> slægtens Nordeuropæiske arter spinder et horisontalt hjulspind, som er ca. 30 cm i diameter. Der er ingen retræte, men ofte forstærkes nettet med op til fire såkaldte stabilimenta (slags pladeformet spind der typisk går som et bånd gennem spindet), og som også kan tjene til at sløre edderkoppens opholdssted.","Carapace oval, longer than wide. The two eye rows are of about the same length. Posterior row is strongly recurved anterior row less so. The eyes are subequal. Tarsus IV longer than half the length of metatarsus IV. In many species tibia I is provided with a brush of hairs. Dorsal compression of metatarsi under calamistrum IV indistinct."
8,198,"Hyptiotes","Walckenaer, 1837",,,"<i>Hyptiotes</i> spinder et reduceret, trekantet  hjulspind, der kan betragtes som en sektion (ca. 45 grader) af et hjulspind.","<i>Hyptiotes</i> spin an easily recognisable web triangular in shape being a sector of about 45 degrees of an orb web."
9,199,"Oonops","Templeton, 1835",,,"Tibia og Metatarsus I og II er forsynet med parrede torne, og antallet af par på Tibia I er en sikker karakter til at adskille slægtens to Nordeuropæiske arter.","The number of paired spines on Tibia I separates the species with <i>O. domesticus</i> having five pairs and <i>O. pulcher</i> having just four."
10,200,"Scytodes","Latreille, 1804",,,,
11,201,"Harpactea","Bristowe, 1939",,,"De nataktive arter i denne slægt har relativt små kæber i forhold til familiens anden slægt, <i>Dysdera</i>.","The nocturnal species of this genus is characterised by small chelicerea as opposed to <i<Dysdera</i>."
12,202,"Segestria","Latreille, 1804",,,"Store, ret langstrakte, seksøjede edderkopper, som har de tre forreste benpar fremadrettede når de sidder i det rørformede retrætespind. Hannerne er meget lig hunnerne, men har mindre og slankere bagkrop. De tre arter i slægten bygger røformede spind i mursprækker, klipperevner, under sten og bag bark. Omkring 10-15 radiære tråde stråler ud fra fra indgangshullet til rørspindet. Edderkoppen sidder på lur nær indgangshullet parat til at fare ud og gribe et eventuelt byttedyr, som på sin færden berører de radiære tråde. Byttedyret trækkes baglæns ind i retræten, hvor det fortæres. Der er to arter i Danmark, som let lader sig adskille på grundlag af bagkropsmønster og størrelse.","Large six-eyed spiders with elongate abdomen and having the three anterior pairs of legs directed forward. Males and females are alike, but males have a slimmer and smaller abdomen. There are three species in Northern and Central Europe, which all build tubular retreats in cracks of walls, cliffs and trees and under stones. About 10-15 threads radiat from the entrance hole of the retreat and serve as detectors of prey location. Once prey touch a thread the spider will rush out to attack and seize the prey, and then take it back to to the retreat for consumption."
13,203,"Psilochorus","Simon, 1893",,,,
13,204,"Pholcus","Walckenaer, 1805",,,"Bagkrop aflang, mere end dobbelt så lang som bred, og mere end dobbelt så lang som forkroppen. Femur I mindst fem gange så lang som forkrop. To arter fra slægten forekommer begge i Danmark. Den ene art er blevet en meget almindelig husedderkop i de seneste årtier. Den anden art blev fundet for første gang i 2005 i Københavnsområdet.","Abdomen elongate, more than twice as long as wide, and more than twice the length of the abdomen."
14,214,"Zodarion","Walckenaer, 1826",,,,
34,215,"Gibbaranea","Archer, 1951",,,,
35,217,"Acartauchenius","Simon, 1884",,,,
35,218,"Araeoncus","Simon, 1884",,,,
35,220,"Ceratinella","Emerton, 1882",,,,"Compact dark spiders with coriaceous abdomens (Locket & Millidge 1953). The male carapace is slightly domed in head region. The legs are short and robust with metatarsi equal or slightly longer than tarsi. Tibial spines very short and resemble hairs. The abdomen is globular in females, less so in males. A dorsal scutum is present in many species. "
35,223,"Cnephalocotes","Simon, 1884",,,,
35,226,"Glyphesis","Simon, 1926",,,,
35,227,"Gongylidiellum","Simon, 1884",,,,"The genus contains mostly small species less than 2 mm body length. Genus characters are not visible with a hand lens but require a stereomicroscope. Male head not elevated. Apparently, males use sound production in courtship as the branchial opercula are provided with stridulating ridges opposing a tooth-like outgrowth on coxae IV. Metatarsus IV without a trichobothrium. Tibiae I-II with two spines, III-IV with just one."
35,228,"Hylyphanthes","Simon, 1884",,,,
35,231,"Lepthyphantes","Menge, 1866",,,,"Medium to large linyphiids ranging form 2.5 to 4.5 mm body length (Saaristo & Tanasevitch 1996). Legs clearly annulated in European species. Tm IV without trichobothrium. Abdomen with a distinct pattern, usually composed of broad black transverse markings formed as bars, bands or chevrons on a grey background. Abdomens may be dotted with some whitish spots. Males are characterized by the sickle-shaped embolus with tight sulcus and large carina (not visible with a hand lens). Epigynes wit large scape arising from the inside of the epigynal cavity. Note that there is some disagreements on the delineation of the genus. The genus description here is based on a narrow conception as given by Saaristo & Tanasevitch (1996)."
35,233,"Linyphia","Latreille, 1804",,,,
35,234,"Macrargus","Dahl, 1886",,,,
35,238,"Metopobactrus","Simon, 1884",,,,
35,240,"Minicia","Thorell, 1875",,,,
35,242,"Parapelecopsis","Wunderlich, 1992",,,,
35,250,"Troxochrus","Simon, 1884",,,,
31,251,"Nesticus","Thorell, 1869",,,"Familiens største slægt. De fleste arter er huleedderkopper i tempererede egne. Fra Europa kendes ca. 25 arter, heraf kun en i Nordeuropa, som også er en dansk art. Afstanden mellem hovedets forkant og de forreste midterøjne (clypeus) er ret stor, og større end afstanden mellem de forreste og bagerste midterøjne. Øjnene er af ens størrelse, den forrest øjenrække er svagt tilbagebøjet mens den bagerste øjenrække er noget fremadbøjet. De forreste midterøjne er meget små, og placeret på en lille forhøjning. Colulus hos slægtens edderkopper er stor. Colulus formodes at være et delvist bortreduceret spindevortepar, som har mistet deres funktion i løbet af udviklingshistorien.","This is the largest genus of the family. The majority are cave dwellers known from temperate areas. About 25 species are known from Europe. Clypeus is high and higher than the distance between the anterior and posterior medial eyes. The eyes are equal-sized. The anterior row is very slightly recurved while the posterior is procurved. Anterior medials are small and situated on a small lobe. Spiders of the genus is further characterised by having a large vestigial bump (colulus) in front of the spinnerets."
30,253,"Robertus","O. P.-Cambridge, 1879",,,,"The species resemble linyphiids because of the small size of the species and their oval unicoloured abdomens in shades of grey. The head region of the carapace is darker than the thoracic region. The two eye rows are fairly wide with each eye almost contiguous with the corresponding eye of the adjacent row. The abdomen is provided with two or three pairs of pale or reddish sigilla (dots marking points of internal muscle attachments). Legs are relatively short and differ from those of the linyphiids by possessing a comb on tarsi IV and by the tarsi being darker than femora."
35,260,"Agyneta","Hull, 1911",,,,"Posterior eyes of approximately similar size (Locket & Millidge, 1953). Tm I = 0.65-0.9. With a trichobothrium on metatarsus IV. Lateral spines on Tibia I and II absent. "
35,261,"Bathyphantes","Menge, 1866",,,,"Palp of female with tarsal claw. Legs rather long and slender. All tibiae with two dorsal spines, metatarsi spineless (Locket & Millidge 1953)."
35,263,"Hilaira","Simon, 1884",,,,"Although fairly small Linyphiinae species they appear as large species of Erigoninae due to the generally dark colours. The carapace is broad in front. The front half of the carapace is domed, however much less so in females than in males. The males are separable in the field by the shape of the dome in lateral view using a lens (see drawings of carapaces in Roberts, 1987). Chelicers appear robust. Tibiae I-IV with two dorsal spines with one additional prolateral spine on tibia I (Locket & Millidge, 1951). Male palp complex and with large paracymbium and with tibial apophysis. Note that <i>H. frigida</i> recently has been transferred to the genus <i>Oreoneta</i>."
35,266,"Mecynargus","Kulczynski, 1894",,,,"Males of this genus are characterized by a short embolus lying in a loop in the distal part of the bulbus (not visible with a lens). Epigynes broader than long or as broad as long. Males of some species has the carapace slightly domed behind the eyes or elevated conically (Roberts 1987, Marusik in prep.).
"
35,267,"Typhochrestus","Simon, 1884",,,,
24,269,"Pardosa","C. L. Koch, 1847","Ulveedderkopper","Thinlegged wolf spiders","Slægtens arter adskiller sig fra de øvrige slægter i <i>Lycosidae</i> ved at højden af clypeus (området mellem de forreste øjne og forkanten af rygskjoldet) er mindst to gange diameteren af et sideøje i den forreste øjenrække, og ved at hovedets sider set forfra er lodrette. Ret små og slanke arter, typisk med lys midterstribe på forkroppen. Artsrig slægt hvoraf mange er almindelig og ofte talrige. De er dagsaktive, og løber synligt omkring især i solskin eller soler sig frit fremme. Nogle af arterne kan være vanskelige at feltbestemme alene på udseendet, da de er ret ens i udseende, samtidigt med at arterne hver især er noget variable.","<i>Pardosa</i> is distinguished from other Lycosid genera by the height of clypeus being at least twice the diameter of a anterior lateral eye, and by the head having almost vertical sides when viewed from in front. Fairly small, slender species, usually with a light median band on the carapace. The genus contains a large number of species, many of which are both common and abundant. They are active during the day, and often very noticeable when running in the sunshine or basking in exposed places. Some species cannot be identified on the basis of the general appearance, and require microscopic examination of the genitals for proper identification."
30,270,"Enoplognatha","Pavesi, 1880",,,,
30,273,"Lasaeola","Simon, 1881",,,,
30,276,"Neottiura","Menge, 1868",,,,
30,277,"Paidiscura","Archer, 1950",,,,
30,278,"Simitidion","Wunderlich, 1992",,,,
35,280,"Styloctetor","Simon, 1884",,,,
35,281,"Anguliphantes","Saaristo & Tanasevitch, 1996",,,,
35,282,"Improphantes","Saaristo & Tanasevitch, 1996",,,,"Small linyphiids ranging form 1.45 to slightly longer than 2 mm body length (Saaristo & Tanasevitch 1996). Legs not annulated or banded. Tm IV without a trichobothrium. Abdomen grey to black without pattern. Males are characterized by the sickle-shaped embolus with open sulcus and slightly reduced carina (not visible with a hand lens). Epigynes are protruding and large."
35,283,"Megalepthyphantes","Wunderlich, 1994",,,,
35,284,"Midia","Saaristo & Wunderlich, 1995",,,,
6,285,"Mastigusa","Menge, 1854",,,"Denne slægt indeholder tre arter hvoraf  to er nærtbeslægtede og muligvis kun er to racer af samme art. Hvis dette er tilfældet er navnet <i>arietina</i> det gyldige og er fulgt her. De to arter eller racer afviger kun i øjnenes størrelse og placering. Slægten har levet en omtumlet tilværelse både navnemæssigt, og i forhold til hvilken familie den skal henføres under. For tiden er slægten placeret i Dictynidae, men det kan meget vel ændre sig i fremtiden.","This genus contains three species of which two are closely related and may just be two races of the same species. For the time being they are considered the same species here and in this case the oldest valid name is <i>arietina</i>. The two species or races differ only in the arrangement and size of the eyes. The genus has had a chequered career, both in relation the name and family to sort under. For the time being the genus is assigned to Dictynidae but this may very well change in the future. Both species are associated with ant nests wherein they breed, on the condition that the nests are not too compact."
6,286,"Cicurina","Menge, 1871",,,"Slægtens arter er ret ens med forkrop og ben i gulorange til brune farver med lysere bagkrop, som regel uden tydelige tegninger. <i>Cicurina cicur</i> er vidt udbredt i Europa mens <i>C. japonica</i> i senere år er fundet indslæbt til Tyskland, Svejts og Danmark. Slægten har kun tre europæiske arter, hvorimod der i Nordamerika forekommer adskillige, herunder arter med øjental reduceret til seks, og blinde hulearter helt uden øjne.","The species are quite similar in appearance, with legs and cephalothorax yellowish and the abdomen lightgray or pink, with some faint spots or chevrons. <i>Cicurina cicur</i> has a wide distribution in Europe while <i>C. japonica</i> only fairly recently has established populations in Germany, Switzerland and Denmark. There are just three European species, whereas a number of species are present in North America, including some cave species having the eyes reduced to six, and some having no eyes at all."
187,288,"Cheiracanthium","C. L. Koch, 1839",,"Longlegged sac spiders","Hannerne i slægten ligner hunnerne, men er slankere og har forlængede kæber.  Kropsfarve i forskellige nuancer af gul, orange, brun og grøn. Hurtige, nataktive jægere på vegetation, hvor føddernes bundter af flade setae giver god fasthæftningevne til substratet.","The males of the genus resemble females but are slimmer and have longer chelicerae. The body colours are various hues of yellow, orange, brown and green. They are swift nocturnal hunters on foliage and surefooted due to dense claw tufts composed of many flattened setae."
35,289,"Oryphantes","Hull, 1932",,,,
35,291,"Palliduphantes","Saaristo & Tanasevitch, 2001",,,,"Small to medium sized linyphiids having body lengths ranging from 1.30-2.95 mm, but species larger than 2.5 mm are few (Saaristo & Tanasevitch 2001). Pale coloured spiders, the cephalothorax and appendages range in colour from pale yellow to pale orange and the unicoloured abdomen from pale yellow to grey or greyish brown, sometimes with a greenish tinge or a faint pattern of transverse stripes or chevrons. Legs with few spines. Metatarsus IV is without a trichobotrium."
35,292,"Tenuiphantes","Saaristo & Tanasevitch, 1996",,,"Slægten indeholder arter som tidligere var samlet i <i>Lepthyphantes</i> slægten der nu er udskilt i <i>Tenuiphantes</i> slægten. Arterne er karakteriseret ved ensfarvede ben og ved tilstedværelse af et mønster på bagkroppen. Der er flere nærstående arter i <i>Tenuiphantes</i> slægten der kun med sikkerhed lader sig adskille ved at observere små forskelle i kønsorganernes struktur under stereolup.","Small to large linyphiids ranging from 1.7-4.1 mm body length (Saaristo & Tanasevitch 1996). Males are characterized by having a sinuous embolus, often with a dentigerous protrusion at about halfway while females are characterized by having the proscapus bordered at either side by a lateral wing-like extension of the median part of the scapus (Saaristo & Tanasevitch 1996). Epigynes of <i>T. alacris</i> females also characterized by strongly developed lateral teeth. Paracymbium with 0-3 teeth. The species differ in leg spination. Metatarsus without a trichobothrium except in <i>T. retezaticus</i> (endemic to Romania). Most species have uniformly coloured legs and a dark dorsal pattern on the abdomen usually composed of broad black transverse bars on a brownish background. Bars sometimes reduced to paired dots combined by thin black lines. Dorsal pattern is usually more obscure in males. Legs fairly long and with long spines."
22,293,"Talavera","Peckham & Peckham, 1909",,," Modsat som hos den nærtbeslægtede <i>Euophrys</i> slægt er den samlede længde af patella og tibia på benpar III næsten den samme som for benpar IV.","In contrast to the closely related <i>Euophrys</i> genus the combined lenght of patella and tibia does not differ much for legs III and IV."
22,294,"Pseudeuophrys","Dahl, 1912",,,"Lille slægt med arter, som i nyere tid er udskilt fra <i>Euophrys</i>.","A small genus with species, recently separated from <i>Euophrys</i>."
15,299,"Drassyllus","Chamberlin, 1922",,,"De bagerste, midterøjne er større end de laterale, skråtstillede og ovale hos de fleste arter. Bagerste øjenrække er buer svagt fremad (prokurvede) og de midterste øjne er tættere på hinanden end de er til de laterale. Distale ende af metatarsi III og IV er forsynet med en ventral kam af rækkestillede børster. Typisk helt mørke arter som ligner arter fra <i>Zelotes</i> slægten.","Posterior medial eyes larger than laterals and in most species oval and oblique. Posterior row of eyes slightly procurved and the medials are closer to each other than to the laterals. Distal end of metatarsi III og IV is furnished with a ventral comb. Mostly dark species resembling species of the <i>Zelotes</i> genus."
15,300,"Trachyzelotes","Lohmander, 1944",,,,
33,302,"Metellina","Chamberlin & Ivie, 1941",,,,"Very closely related to the <i>Meta</i> genus. The differences between the genera <i>Metellina</i> and <i>Meta</i> are not visible with a lens. Anterior row of eyes recurved, posterior straight. Chelicerae are provided with 3 large promarginal teeth and retromargin with 2 large teeth and 2 denticles (Almquist 2005). Endites are about twice as long as labium. Paracymbium sclerotized. The ventral markings sometimes consist of a broad dark median band flanked by reticulated narrow white bands."
40,304,"Phrurolithus","C. L. Koch, 1839",,,"Arterne kan godt minde lidt om arter fra <i>Micaria</i> slægten i Gnaphosidae, idet de også løber hurtigt omkring i solskin på en myrelignende måde, men de mangler <i>Micaria</i> slægtens metalglans. Bagkroppen har hvide pletter undertiden sammensmeltede i linier, og hanner har et glinsende dorsalt scutum, som fuldstændigt dækker bagkroppen.","The species resemble species of <i>Micaria</i> in the Gnaphosidae since they also run about in sunshine in an antlike fashion, but they lack the iredecence of  <i>Micaria</i>. The abdomen is marked with white spots, sometimes appearing as lines. Males with a shiny dorsal scutum covering the abdomen."
30,306,"Rugathodes","Archer, 1950",,,,
35,312,"Prinerigone","Millidge, 1988",,,,
34,328,"Stroemiellus","Wunderlich, 2004",,,,
43,332,"Atypus","Latreille, 1804",,,"Kæber veludviklede, brystplade fusioneret med læbe. Seks spindevorter, hvoraf det bagerste par er treleddet. I Europa kan de tre forekommende arter adskilles på forskelle i leddenes relative længder. Indeholder arten <i>Atypus affinis</i>, som er den eneste fugleedderkoppeart repræsenteret i Danmark.","Large forward projecting chelicerae. Sternum is fused with labium. Six spinnerets, the posterior pair is composed of three segments. The relative lengths of the segments is a character useful for separating the three European species. <i>Atypus affinis</i> is the only orthognath species occurring in Denmark."
22,334,"Hasarius","Simon, 1871",,,,
22,341,"Yllenus","Simon, 1868",,,,
30,357,"Parasteatoda","Archer, 1946",,,,"Carapace slightly longer than wide. Eyes subequal. The anterior row is recurved while the posterior row is nearly straight. Clypeus about three time higher than diameter of anterior median eye. Abdomen of female is higher than long."
30,381,"Cryptachaea","Archer, 1946",,,,
30,383,"Phycosoma","O. P.-Cambridge, 1879",,,,
30,712,"Asagena","Sundevall, 1833",,,,
30,716,"Coleosoma","O. P.-Cambridge, 1882",,,,
30,728,"Phylloneta","Archer, 1950",,,,
30,729,"Platnickina","Koçak & Kemal, 2008",,,,
37,827,"Zora","C. L. Koch, 1847",,,"Edderkopperne i denne slægt har smalt hoved med en kompakt øjengruppe placeret i et sort felt. De to øjenrækker er stærkt tilbagebøjede. Benpar I og II har parrede torne, en karakter der er til fælles med Liocraniderne. Slægtens arter er ret ens i udseende, med en gullig grundfarve og to brede, brune bånd som strækker sig tilbage fra hver af de laterale øjne i den bagerste øjenrække. Bagkroppen har en smal Y-formet tegning flankeret af pletter og irregulære linier. Bagkropsmønsteret er sammen med den stribede forkrop meget karakteristisk for slægtens medlemmer. De to danske arter kan adskilles med hjælp fra en flora lup på breddeforholdet mellem de gule og brune laterale bånd på forkroppen, og på antal par ventrale torne på metatarsus I og II.","The spiders of this genus have a narrowed carapace at the front and a characteristic dark compact eye group with both eye rows strongly recurved. Paired ventral spines are present on legs I and II, just like in the Liocranidae. All species are similar in general appearance, the general colour is yellow with a wide brown band extending back from each posterior lateral eye. The abdomen has a thin Y-shaped brown marking flanked by spots and irregular lines, overall the markings being very distinctive for the genus."
27,828,"Eratigena","Bolzern, Burckhardt & Hänggi, 2013",,,,
28,831,"Iberina","Simon, 1881",,,,
190,836,"Argyroneta","Latreille, 1804",,,"Slægten indeholder kun én art, <i>Argyroneta aquatica</i>, som forekommer med sin egen underart i Japan, <i>A. aquatica japonica</i>. <i>Argyroneta</i> betyder \"sølvspind\" på latin, og henviser til den enestående \"dykkerklokke\" arten spinder under vandet.","<i>Argyroneta aquatica</i> is the sole member of the genus, with one subspecies, <i>A. aquatica japonica</i>, described from Japan. The latin word \"<i>Argyroneta</i>\" translates in to \"silvery net\", and refers to the unique underwater diving-bell that the species creates."
35,837,"Lasiargus","Kulczynski, 1894",,,,
17,17,"Liocranum","L. Koch, 1866",,,"Ret store Liocranider med ret bred øjengruppe og derfor nogen lighed med Clubionidae. Bagerste øjerække let tilbagebøjede.","These spiders are the largest representatives of the family in the region. The eye group is wider than in tte remaining genera and therefore the spiders resemble species of Clubionidae."
17,14,"Liocranoeca","Wunderlich, 1999",,,,
15,9,"Callilepis","Westring, 1874",,,,
7,196,"Oecobius","Lucas, 1846",,,"Små edderkopper under 3 mm med cribellum. Rygskjold er tilnærmelsesvis kredsrundt. Bagerste midterøjne trekantede eller irregulære i form. Tarmkanalens udgang sidder på en 2-leddet vorteformet udvækst (tuberkel) og er forsynet med lange hår.  Arterne anlægger flade retræte spind med diameter på 2-3 cm. Fra åbninger i siden udgår signaltråde, som registrerer byttedyr, som måtte berøre trådene, og edderkoppen vil herefter hvis den er sulten fare ud og bide byttet. Spindene anlægges i revner under sten og gulve, bag vægge og i loftet.  Der er beskrevet 43 arter i <i>Oecobius</i>, hvoraf 42 er kendt fra Europa. Der kendes dog kun 5 arter fra det europæiske fastland, hvoraf de 4 er begrænset til Sydeuropa. Ikke mindre end 36 arter er endemiske for de Kanariske Øer og Madeira, hvor hovedvægten af arterne findes på førstnævnte øgruppe. To <i>Oecobius</i> arter er kosmopolitiske, henholdsvis <i>O. cellariorum</i> og <i>O. navus</i>. Sidstnævnte art er den eneste der når op i Mellem- og Nordeuropa.","Small spiders, mostly less than 3 mm, producing hackled band threads from a transverse oriented spinning organ in front of the spinnerets (cribellum). Carapace subcircular. Posterior eyes triangular or irregular in shape. Anal tubercle prominent, two-segmented and furnished with a fringe of long hairs. The spiders spins flat retreats with a diameter of a few cm with lateral openings from which signaling threads protrude. The threads detect prey that stumbles over these threads and if the spider is hungry it will rush out for the catch. Webs are built in crevices such as under rocks and floors, behind walls and in ceilings. There are 43 species in <i>Oecobius</i> of which 42 are known from Europe. However, only five species are known from the European mainland, four of which are confined to southern Europe. Thirty-six species are endemic for the Canary Islands and Madeira with most of those species being Canarian. Two species are cosmopolitan, <i>O. cellariorum</i> and <i>O. navus</i>. The latter is the only species occurring in central and northern Europe."
27,287,"Coelotes","Blackwall, 1841",,," Robuste edderkopper med ret korte, kraftige ben, bredt hoved og kraftige kæber som ses tydeligt oppefra. Spinder en rørformet, underjordisk retræte under sten, rådne stammer og stubbe i skovbunden. Retræten er forsynet med en karakteristisk krave omkring rørets indgang.","These are robust spiders with stout legs, rather wide head and sturdy chelicerae clearly visible from above. Members of this genus spin tubular retreats under stones, rottening stumps and other dead wood lying on the forest floor. A characteristic collar of silk is present at the entrance to the retreat."
24,257,"Acantholycosa","Dahl, 1908",,,,
24,832,"Piratula","Roewer, 1960 ",,,,
30,116,"Anelosimus","Simon, 1891",,,,
9,213,"Triaeris","Simon, 1891",,,,
11,208,"Dysdera","Latreille, 1804",,,"Slægten er kendetegnet ved kraftige, fremadrette kæber. De stærke kæber gør slægtens edderkopper i stand til, at nedlægge selv bænkebidere.","The chelicerae are long and projects forward considerably. They seem well adapted to defeat woodlice."
13,324,"Holocnemus","Simon, 1873",,,,
35,631,"Praestigia","Millidge, 1954",,,,
35,626,"Nusoncus","Wunderlich, 2008",,,,
35,248,"Trichoncus","Simon, 1884",,,,
35,130,"Tapinocyboides","Wiehle, 1960",,,,
35,246,"Syedra","Simon, 1884",,,,
35,323,"Pelecopsis","Simon, 1864",,,,
35,243,"Peponocranium","Simon, 1884",,,,
35,318,"Obscuriphantes","Saaristo & Tanasevitch, 2000",,,,
35,241,"Panamomops","Simon, 1884",,,,
35,165,"Maro","O. P.-Cambridge, 1906",,,,
35,229,"Hypselistes","Simon, 1894",,,,
35,153,"Halorates","Hull, 1911",,,,"Male carapace not modified, both sexes similar in general appearance (Roberts 1985). Chelicerae of males with a large cylindrical tubercle, just above the outer row of teeth (Locket & Millidge 1953). Metatarsus IV almost twice as long as tarsus IV. All tibia with two spines, but no lateral ones (Locket & Millidge 1953)."
